"CASES,EQ,SUM,NEG,MUL,VN,y,E,NEG,MUL,VN,x,E,E,VN,EQ,SUM,MUL,VF,x,E,NEG,MUL,VF,y,E,E,VN,E"
"CASES,EQ,SUM,NEG,MUL,VF,x,E,NEG,MUL,VN,y,E,E,VF,EQ,SUM,NEG,MUL,VF,x,E,MUL,VN,y,E,E,VN,E"
"CASES,EQ,SUM,MUL,VF,y,E,NEG,MUL,VN,x,E,E,VF,EQ,SUM,NEG,MUL,VF,y,E,NEG,MUL,VF,x,E,E,VN,E"
"CASES,EQ,SUM,MUL,VF,x,E,MUL,VN,y,E,E,VN,EQ,SUM,NEG,MUL,VN,y,E,MUL,VF,x,E,E,VN,E"
"CASES,EQ,SUM,MUL,VN,x,E,NEG,MUL,VF,y,E,E,VF,EQ,SUM,NEG,MUL,VN,x,E,NEG,MUL,VN,y,E,E,VF,E"
"CASES,EQ,SUM,MUL,VF,y,E,E,VN,EQ,SUM,NEG,MUL,VN,y,E,NEG,MUL,VF,x,E,E,VF,E"
"CASES,EQ,SUM,NEG,MUL,VN,y,E,E,VF,EQ,SUM,NEG,MUL,VF,x,E,E,VN,E"
"CASES,EQ,SUM,NEG,MUL,VF,y,E,MUL,VN,x,E,E,VN,EQ,SUM,MUL,VF,x,E,E,VN,E"
"CASES,EQ,SUM,MUL,VN,y,E,E,VN,EQ,SUM,MUL,VF,x,E,E,VN,E"
"CASES,EQ,SUM,MUL,VF,y,E,E,VN,EQ,SUM,NEG,MUL,VN,y,E,NEG,MUL,VN,x,E,E,VF,E"
"CASES,EQ,SUM,NEG,MUL,VN,x,E,NEG,MUL,VN,y,E,E,VN,EQ,SUM,NEG,MUL,VF,y,E,NEG,MUL,VF,x,E,E,VF,E"
"CASES,EQ,SUM,NEG,MUL,VN,x,E,NEG,MUL,VN,y,E,E,VN,EQ,SUM,NEG,MUL,VN,x,E,NEG,MUL,VF,y,E,E,VF,E"
"CASES,EQ,SUM,NEG,MUL,VN,y,E,NEG,MUL,VN,x,E,E,VN,EQ,SUM,NEG,MUL,VF,x,E,NEG,MUL,VF,y,E,E,VF,E"
"CASES,EQ,SUM,NEG,MUL,VF,x,E,NEG,MUL,VF,y,E,E,VF,EQ,SUM,NEG,MUL,VF,x,E,NEG,MUL,VN,y,E,E,VF,E"
"CASES,EQ,SUM,NEG,MUL,VN,y,E,NEG,MUL,VN,x,E,E,VN,EQ,SUM,NEG,MUL,VF,x,E,NEG,MUL,VN,y,E,E,VF,E"
"CASES,EQ,SUM,NEG,MUL,VN,x,E,E,VN,EQ,SUM,NEG,MUL,VF,x,E,NEG,MUL,VF,y,E,E,VF,E"
"CASES,EQ,SUM,NEG,MUL,VF,x,E,E,VF,EQ,SUM,NEG,MUL,VN,x,E,E,VF,E"
"CASES,EQ,SUM,NEG,MUL,VN,x,E,NEG,MUL,VF,y,E,E,VN,EQ,SUM,NEG,MUL,VF,y,E,NEG,MUL,VN,x,E,E,VN,E"
"CASES,EQ,SUM,NEG,MUL,VF,x,E,NEG,MUL,VN,y,E,E,VN,EQ,SUM,NEG,MUL,VF,y,E,NEG,MUL,VF,x,E,E,VF,E"
"CASES,EQ,SUM,NEG,MUL,VF,x,E,NEG,MUL,VF,y,E,E,VF,EQ,SUM,NEG,MUL,VN,y,E,E,VN,E"
"CASES,EQ,SUM,MUL,VN,y,E,MUL,VN,x,E,E,VF,EQ,SUM,MUL,VN,x,E,MUL,VF,y,E,E,VF,E"
"CASES,EQ,SUM,MUL,VF,x,E,MUL,VN,y,E,E,VF,EQ,SUM,MUL,VF,y,E,MUL,VF,x,E,E,VF,E"
"CASES,EQ,SUM,MUL,VF,y,E,MUL,VF,x,E,E,VF,EQ,SUM,MUL,VF,y,E,MUL,VF,x,E,E,VN,E"
"CASES,EQ,SUM,MUL,VN,x,E,MUL,VN,y,E,E,VN,EQ,SUM,MUL,VN,y,E,MUL,VN,x,E,E,VF,E"
"CASES,EQ,SUM,MUL,VF,x,E,MUL,VF,y,E,E,VF,EQ,SUM,MUL,VN,y,E,MUL,VF,x,E,E,VF,E"
"CASES,EQ,SUM,MUL,VN,y,E,E,VN,EQ,SUM,MUL,VF,x,E,E,VN,E"
"CASES,EQ,SUM,MUL,VN,x,E,MUL,VF,y,E,E,VN,EQ,SUM,MUL,VN,x,E,E,VF,E"
"CASES,EQ,SUM,MUL,VF,y,E,MUL,VN,x,E,E,VF,EQ,SUM,MUL,VN,x,E,MUL,VF,y,E,E,VN,E"
"CASES,EQ,SUM,MUL,VF,y,E,MUL,VN,x,E,E,VN,EQ,SUM,MUL,VN,x,E,E,VF,E"
"CASES,EQ,SUM,MUL,VF,x,E,E,VF,EQ,SUM,MUL,VF,x,E,MUL,VN,y,E,E,VF,E"
